id,film_id,genre
0,0,Drama
2,1,Drama
3,1,Romance
4,2,Drama
5,2,Fantasy
6,3,Drama
7,3,Romance
8,4,Drama
9,4,Fantasy
10,5,Drama
11,6,Comedy
12,6,Drama
13,6,Fantasy
14,7,Drama
15,8,Drama
16,8,Romance
17,9,Documentary
18,9,Musical
19,10,Drama
20,10,Romance
21,10,Sci-Fi
22,11,Drama
23,12,Animation
24,12,Adventure
25,12,Family
26,12,Fantasy
27,12,Mystery
28,13,Documentary
29,13,Biography
30,13,Crime
31,13,History
32,14,Adventure
33,14,Comedy
34,14,Drama
35,16,Drama
36,17,Crime
37,17,Drama
38,17,Thriller
39,18,Drama
40,18,History
41,18,Thriller
42,19,Crime
43,19,Drama
44,19,Thriller
45,20,Documentary
46,21,Action
47,21,Adventure
48,21,Thriller
49,22,Drama
50,22,Romance
51,23,Drama
52,23,Fantasy
53,24,Crime
54,24,Drama
55,25,Comedy
56,25,Drama
57,25,Mystery
58,26,Action
59,26,Adventure
60,26,Sci-Fi
61,26,Thriller
62,27,Drama
63,27,Fantasy
64,27,War
65,28,Drama
66,28,Mystery
67,28,Thriller
68,29,Documentary
69,29,Biography
70,30,Drama
71,31,Drama
72,31,Fantasy
73,32,Documentary
74,33,Drama
75,33,History
76,34,Drama
77,34,Music
78,34,Romance
79,35,Drama
80,36,Crime
81,36,Drama
82,37,Drama
83,38,Drama
84,38,Mystery
85,38,Thriller
86,39,Drama
87,40,Crime
88,40,Drama
89,41,Crime
90,41,Drama
91,41,Thriller
92,42,Drama
93,42,Mystery
94,43,Animation
95,43,Adventure
96,43,Comedy
97,43,Family
98,44,Action
99,44,Adventure
100,44,History
101,45,Biography
102,45,Comedy
103,45,Crime
104,45,Drama
105,46,Action
106,46,Crime
107,46,Drama
108,46,Mystery
109,46,Thriller
110,47,Action
111,47,Mystery
112,47,Thriller
113,48,Crime
114,48,Drama
115,48,Thriller
116,49,Drama
117,50,Biography
118,50,Drama
119,50,Romance
120,51,Drama
121,52,Drama
122,52,History
123,52,War
124,53,Drama
125,53,History
126,55,Drama
127,56,Drama
128,56,Documentary
129,57,Documentary
130,58,Documentary
131,58,War
132,59,Comedy
133,59,Drama
134,60,Drama
135,60,Thriller
136,61,Comedy
137,61,Drama
138,62,Drama
139,63,Adventure
140,63,Drama
141,63,War
142,64,Drama
143,64,Music
144,65,Comedy
145,65,Drama
146,65,Horror
147,65,Romance
148,66,Animation
149,66,Drama
150,66,Sci-Fi
151,67,Drama
152,68,Drama
153,69,Biography
154,69,Comedy
155,69,Drama
156,69,Music
157,70,Crime
158,70,Drama
159,71,Crime
160,71,Drama
161,71,History
162,71,Mystery
163,71,Thriller
164,72,Comedy
165,72,Drama
166,73,Drama
167,73,Mystery
168,73,Thriller
169,74,Drama
170,74,Sci-Fi
171,74,Thriller
172,75,Drama
173,75,History
174,75,War
175,76,Comedy
176,76,Drama
177,76,Fantasy
178,77,Drama
179,77,Romance
180,77,Sci-Fi
181,78,Comedy
182,78,Drama
183,79,Drama
184,80,Drama
185,80,Mystery
186,80,Thriller
187,81,Drama
188,81,Mystery
189,81,Romance
190,82,Drama
191,82,Sci-Fi
192,82,Thriller
193,83,Crime
194,83,Drama
195,84,Animation
196,84,Action
197,84,Adventure
198,84,Family
199,85,Documentary
200,86,Drama
201,86,Romance
202,87,Biography
203,87,Drama
204,87,History
205,88,Drama
206,89,Drama
207,90,Drama
208,90,Mystery
209,90,Romance
210,91,Drama
211,92,Biography
212,92,Drama
213,92,History
214,93,Drama
215,93,Mystery
216,94,Drama
217,94,Mystery
218,94,Thriller
219,95,Comedy
220,95,Drama
221,96,Drama
222,96,Romance
223,97,Adventure
224,97,Comedy
225,97,Drama
226,97,Romance
227,98,Drama
228,99,Drama
229,99,Romance
230,100,Animation
231,100,Adventure
232,100,Comedy
233,100,Family
234,100,Fantasy
235,101,Drama
236,101,Romance
237,102,Drama
238,102,Sci-Fi
239,102,Thriller
240,103,Comedy
241,103,Crime
242,103,Drama
243,103,Mystery
244,103,Romance
245,104,Drama
246,105,Comedy
247,105,Fantasy
248,106,Comedy
249,106,Drama
250,107,Drama
251,108,Drama
252,108,Fantasy
253,108,Mystery
254,108,Romance
255,109,Comedy
256,109,Drama
257,109,Music
258,110,Drama
259,110,Horror
260,110,Sci-Fi
261,110,Thriller
262,111,Animation
263,111,Comedy
264,111,Drama
265,111,Romance
266,112,Animation
267,112,Adventure
268,112,Comedy
269,112,Family
270,113,Comedy
271,113,Drama
272,114,Biography
273,114,Drama
274,115,Biography
275,115,Drama
276,116,Animation
277,116,Adventure
278,117,Drama
279,118,Drama
280,118,Mystery
281,119,Action
282,119,Drama
283,119,History
284,120,Drama
285,120,Sport
286,121,Drama
287,122,Drama
288,123,Drama
289,124,Biography
290,124,Drama
291,124,History
292,124,Romance
293,125,Crime
294,125,Drama
295,126,Drama
296,126,Romance
297,127,Drama
298,128,Drama
299,128,Mystery
300,128,Romance
301,128,Thriller
302,129,Drama
303,129,Mystery
304,129,Thriller
305,130,Drama
306,131,Drama
307,131,Mystery
308,131,Thriller
309,132,Drama
310,133,Drama
311,134,Documentary
312,134,Comedy
313,134,Drama
314,134,History
315,135,Mystery
316,135,Thriller
317,136,Drama
318,136,Musical
319,136,Romance
320,137,Action
321,137,Adventure
322,137,Fantasy
323,137,Sci-Fi
324,138,Documentary
325,139,Drama
326,139,Fantasy
327,139,Romance
328,140,Comedy
329,140,Drama
330,140,Music
331,141,Documentary
332,142,Comedy
333,142,Drama
334,143,Drama
335,144,Drama
336,145,Documentary
337,146,Drama
338,146,Music
339,147,Drama
340,148,Biography
341,148,Drama
342,148,Romance
343,149,Drama
344,150,Drama
345,150,Horror
346,151,Crime
347,151,Drama
348,151,Romance
349,152,Action
350,152,Crime
351,152,Thriller
352,153,Crime
353,153,Drama
354,153,Mystery
355,153,Romance
356,153,Thriller
357,154,Drama
358,154,Romance
359,155,Comedy
360,155,Drama
361,155,Romance
362,156,Drama
363,156,War
364,157,Drama
365,158,Drama
366,158,War
367,159,Documentary
368,159,Animation
369,159,Biography
370,159,Drama
371,159,History
372,159,War
373,160,Drama
374,161,Drama
375,162,Drama
376,162,Fantasy
377,162,Horror
378,163,Drama
379,164,Comedy
380,164,Drama
381,164,Romance
382,164,Sci-Fi
383,165,Documentary
384,166,Drama
385,167,Comedy
386,167,Drama
387,168,Drama
388,168,Mystery
389,169,Drama
390,170,Drama
391,170,Romance
392,170,War
393,171,Adventure
394,171,Comedy
395,171,Crime
396,171,Music
397,172,Drama
398,172,Horror
399,173,Drama
400,173,Romance
401,174,Drama
402,174,Fantasy
403,174,History
404,174,Mystery
405,175,Animation
406,175,Adventure
407,175,Comedy
408,175,Drama
409,175,Family
410,175,Fantasy
411,176,Animation
412,176,Biography
413,176,Drama
414,176,War
415,177,Action
416,177,Adventure
417,177,Sci-Fi
418,177,Thriller
419,178,Action
420,178,Comedy
421,178,Sci-Fi
422,178,Thriller
423,179,Drama
424,179,Romance
425,180,Animation
426,180,Comedy
427,180,Family
428,180,Fantasy
429,181,Drama
430,181,Thriller
431,182,Action
432,182,Adventure
433,182,Crime
434,182,Drama
435,182,Mystery
436,182,Sci-Fi
437,182,Thriller
438,183,Drama
439,184,Action
440,184,Crime
441,184,Drama
442,184,Thriller
443,185,Drama
444,186,Adventure
445,186,Crime
446,186,Drama
447,186,Mystery
448,186,Western
449,187,Action
450,187,Comedy
451,187,Crime
452,187,Drama
453,187,Music
454,188,Crime
455,188,Drama
456,188,Musical
457,189,Drama
464,190,Crime
465,190,Drama
466,191,Drama
467,192,Adventure
468,192,Comedy
469,192,Drama
470,192,Music
471,193,Crime
472,193,Drama
473,193,Mystery
474,193,Thriller
475,194,Drama
476,194,Fantasy
477,194,Romance
478,195,Drama
479,195,Sci-Fi
480,196,Comedy
481,197,Drama
482,197,Horror
483,197,Romance
484,198,Animation
485,198,Short
486,198,Comedy
487,198,Drama
488,198,Sci-Fi
489,199,Documentary
490,200,Action
491,200,Sci-Fi
492,201,Drama
493,201,Romance
494,201,Sci-Fi
495,202,Action
496,202,Crime
497,202,Drama
498,202,Thriller
499,203,Drama
500,204,Comedy
501,204,Drama
502,204,Horror
503,204,Sci-Fi
504,205,Action
505,205,Sci-Fi
506,205,Thriller
507,206,Comedy
508,206,Drama
509,206,Romance
510,207,Crime
511,207,Drama
512,207,Romance
513,208,Drama
514,209,Horror
515,209,Mystery
516,209,Sci-Fi
517,209,Thriller
518,210,Documentary
519,210,History
520,211,Drama
521,212,Crime
522,212,Drama
523,213,Action
524,213,Adventure
525,213,Fantasy
526,213,Romance
527,214,Biography
528,214,Drama
529,214,Music
530,214,War
531,215,Biography
532,215,Drama
533,215,History
534,215,War
535,216,Adventure
536,216,Drama
537,216,Fantasy
538,217,Crime
539,217,Drama
540,217,Mystery
541,217,Thriller
542,218,Crime
543,218,Drama
544,219,Drama
545,220,Mystery
546,220,Thriller
547,221,Drama
548,221,Sci-Fi
549,221,Thriller
550,222,Documentary
551,223,Drama
552,224,Drama
553,225,Comedy
554,225,Drama
555,225,Thriller
556,226,Comedy
557,226,Drama
558,227,Documentary
559,227,Biography
560,227,History
561,229,Drama
562,229,Music
563,230,Drama
564,231,Documentary
565,231,Biography
566,231,History
567,232,Documentary
568,233,Documentary
569,233,Crime
570,233,Drama
571,233,News
572,234,Drama
573,235,Drama
574,235,Romance
575,236,Documentary
576,236,History
577,236,News
578,237,Biography
579,237,Comedy
580,237,Drama
581,238,Documentary
582,239,Drama
583,239,Romance
584,239,Sport
585,240,Animation
586,240,Comedy
587,240,Drama
588,240,Fantasy
589,241,Documentary
590,241,Drama
591,242,Drama
592,242,Romance
593,243,Animation
594,243,Biography
595,243,Drama
596,243,History
597,243,Romance
598,243,War
599,244,Music
600,245,Crime
601,245,Drama
602,245,Thriller
603,246,Drama
604,246,Romance
605,247,Crime
606,247,Drama
607,247,Thriller
608,248,Drama
609,248,Thriller
610,249,Animation
611,249,Adventure
612,249,Comedy
613,249,Crime
614,249,Family
615,250,Documentary
616,250,Biography
617,250,Sport
618,251,Comedy
619,251,Drama
620,251,Romance
621,252,Drama
622,252,Thriller
623,253,Comedy
624,253,Drama
625,254,Drama
626,254,History
627,254,War
628,255,Crime
629,255,Drama
630,255,Thriller
631,256,Drama
632,257,Drama
633,258,Drama
634,258,Romance
635,258,War
636,258,Comedy
637,259,Drama
638,259,Thriller
639,260,Action
640,260,Adventure
641,261,Animation
642,261,Adventure
643,261,Comedy
644,261,Family
645,261,Fantasy
646,261,Musical
647,262,Comedy
648,262,Horror
649,263,Drama
650,264,Drama
651,264,Romance
652,265,Comedy
653,265,Drama
654,265,Romance
655,266,Crime
656,266,Drama
657,267,Drama
658,268,Drama
659,268,Romance
660,269,Comedy
661,269,Drama
662,270,Biography
663,270,Drama
664,270,Music
665,270,Musical
666,271,Crime
667,271,Drama
668,271,Thriller
669,272,Drama
670,273,Drama
671,274,Comedy
672,274,Drama
673,274,Romance
674,275,Drama
675,275,Romance
676,275,Western
677,276,Documentary
678,277,Documentary
679,278,Action
680,278,Comedy
681,278,Drama
682,278,Romance
683,279,Action
684,279,Crime
685,279,Drama
686,279,Mystery
687,279,Thriller
688,280,Drama
689,281,Drama
690,281,Music
691,282,Crime
692,282,Drama
693,283,Action
694,283,Adventure
695,283,Drama
696,283,Thriller
697,284,Drama
698,285,Documentary
699,285,Biography
700,286,Action
701,286,Comedy
702,286,Sport
703,287,Drama
704,288,Drama
705,288,History
706,288,Thriller
707,289,Comedy
708,289,Romance
709,290,Documentary
710,290,Biography
711,290,History
712,291,Comedy
713,291,Drama
714,291,Romance
715,291,Thriller
716,292,Drama
717,292,Mystery
718,292,Thriller
719,293,Comedy
720,293,Drama
721,294,Action
722,294,Adventure
723,294,Drama
724,295,Documentary
725,296,Crime
726,296,Drama
727,296,History
728,296,Thriller
729,297,Crime
730,297,Drama
731,298,Crime
732,298,Drama
733,298,Mystery
734,298,Thriller
735,299,Documentary
736,300,Drama
737,300,Romance
738,301,Documentary
739,302,Drama
740,302,Thriller
741,303,Drama
742,303,Mystery
743,304,Drama
744,306,Drama
745,306,Romance
746,306,Thriller
747,307,Drama
748,308,Drama
749,310,Drama
750,311,Mystery
751,311,Thriller
752,312,Drama
753,312,Music
754,313,Drama
755,313,Mystery
756,313,Thriller
757,314,Drama
758,315,Adventure
759,315,Drama
760,315,Thriller
761,315,Western
762,316,Documentary
763,317,Drama
764,318,Short
765,319,Short
766,320,Short
767,322,Short
768,323,Documentary
769,324,Comedy
770,324,Drama
771,325,Drama
772,326,Comedy
773,326,Crime
774,326,Drama
775,326,Romance
776,327,Comedy
777,327,Drama
778,327,Romance
779,328,Action
780,328,Biography
781,328,Crime
782,328,Sport
783,328,Thriller
784,329,Drama
785,330,Drama
786,331,Crime
787,331,Drama
788,332,Adventure
789,332,Drama
790,332,Musical
791,332,Romance
792,332,Sport
793,333,Adventure
794,333,Drama
795,333,Sci-Fi
796,334,Drama
797,334,History
798,334,Romance
799,334,War
800,335,Drama
801,335,Romance
802,336,Comedy
803,336,Drama
804,337,Crime
805,337,Drama
806,337,Mystery
807,337,Thriller
808,338,Comedy
809,338,Crime
810,338,Drama
811,339,Documentary
812,340,Drama
813,340,Romance
814,341,Biography
815,341,Drama
816,341,Romance
817,342,Action
818,342,Crime
819,342,Drama
820,342,Mystery
821,342,Thriller
822,343,Drama
823,344,Drama
824,345,Drama
825,346,Comedy
826,346,Crime
827,346,Drama
828,347,Drama
829,348,Drama
830,348,Thriller
831,349,Drama
832,350,Drama
833,351,Thriller
834,352,Action
835,352,Crime
836,353,Mystery
837,353,Thriller
838,354,Documentary
839,354,Biography
840,354,Drama
841,355,Documentary
842,356,Biography
843,356,Drama
844,356,History
845,356,War
846,357,Biography
847,357,Drama
848,358,Drama
849,359,Drama
850,360,Action
851,360,Adventure
852,360,Sci-Fi
853,361,Animation
854,361,Drama
855,361,Fantasy
856,362,Drama
857,362,Fantasy
858,363,Drama
859,363,History
860,364,Documentary
861,365,Comedy
862,365,Drama
863,366,Adventure
864,366,Drama
865,366,Fantasy
866,367,Adventure
867,367,Comedy
868,367,Sci-Fi
869,368,Drama
870,368,History
871,368,Thriller
872,368,War
873,369,Crime
874,369,Drama
875,369,Thriller
876,370,Drama
877,371,Adventure
878,371,Comedy
879,371,Drama
880,371,Romance
881,372,Biography
882,372,Drama
883,372,History
884,373,Adventure
885,373,Drama
886,373,Family
887,373,Fantasy
888,373,Mystery
889,373,Romance
890,374,Biography
891,374,Drama
892,375,Biography
893,375,Comedy
894,375,Drama
895,375,Music
896,375,Musical
897,376,Comedy
898,376,Drama
899,377,Crime
900,377,Drama
901,378,Drama
902,378,Family
903,378,Sport
904,379,Comedy
905,379,Romance
906,380,Action
907,380,Adventure
908,380,Fantasy
909,380,Sci-Fi
910,381,Drama
911,381,History
912,381,Romance
913,382,Drama
914,382,Sport
915,383,Drama
916,384,Drama
917,384,Thriller
918,385,Comedy
919,385,Drama
920,386,Drama
921,387,Drama
922,387,Romance
923,388,Drama
924,388,Romance
925,389,Drama
926,390,Comedy
927,390,Drama
928,391,Drama
929,392,Biography
930,392,Crime
931,392,Drama
932,392,Thriller
933,394,Drama
934,394,Romance
935,395,Drama
936,395,Fantasy
937,396,Drama
938,397,Drama
939,397,History
940,398,Drama
941,398,History
942,399,Documentary
943,399,Biography
944,400,Comedy
945,400,Drama
946,400,Romance
947,401,Comedy
948,401,Drama
949,401,Romance
950,402,Biography
951,402,Drama
952,403,Crime
953,403,Drama
954,404,Adventure
955,404,Biography
956,404,Drama
957,405,Adventure
958,405,Drama
959,405,Thriller
960,406,Drama
961,406,War
962,407,Documentary
963,408,Drama
964,408,War
965,409,Drama
966,410,Biography
967,410,Drama
968,411,Drama
969,412,Drama
970,413,Drama
971,415,Drama
972,415,Romance
973,416,Drama
974,416,Romance
975,417,Comedy
976,417,Crime
977,417,Drama
978,418,Drama
979,419,Documentary
980,419,Action
981,419,Comedy
982,420,Drama
983,420,Romance
984,421,Drama
985,421,History
986,421,War
987,422,Adventure
988,422,Comedy
989,422,Drama
990,424,Drama
991,425,Crime
992,425,Drama
993,425,Romance
994,426,Drama
995,426,Family
996,427,Comedy
997,427,Romance
998,428,Adventure
999,428,Drama
1000,428,Romance
1001,429,Drama
1002,430,Animation
1003,430,Drama
1004,430,Fantasy
1005,430,Romance
1006,431,Biography
1007,431,Drama
1008,431,History
1009,431,War
1010,432,Drama
1011,432,Mystery
1012,432,Romance
1013,432,Thriller
1014,433,Drama
1015,433,Romance
1016,434,Drama
1017,435,Drama
1018,435,Mystery
1019,435,Sci-Fi
1020,436,Comedy
1021,436,Drama
1022,436,Romance
1023,437,Biography
1024,437,Crime
1025,437,Drama
1026,437,History
1027,437,Western
1028,438,Adventure
1029,438,Drama
1030,438,Fantasy
1031,439,Crime
1032,439,Drama
1033,440,Action
1034,440,Adventure
1035,440,Drama
1036,440,Romance
1037,441,Documentary
1038,441,History
1039,441,News
1040,441,War
1041,442,Drama
1042,443,Crime
1043,443,Drama
1044,444,Crime
1045,444,Drama
1046,444,History
1047,445,Documentary
1048,445,History
1049,445,War
1050,447,Comedy
1051,448,Documentary
1052,448,History
1053,449,Action
1054,449,Crime
1055,449,Thriller
1056,450,Drama
1057,451,Action
1058,451,Crime
1059,451,Thriller
1060,452,Comedy
1061,452,Drama
1062,452,Romance
1063,453,Documentary
1064,453,Drama
1065,454,Animation
1066,454,Short
1067,455,Action
1068,455,Comedy
1069,455,Crime
1070,455,Fantasy
1071,456,Short
1072,456,Western
1073,457,Drama
1074,459,Biography
1075,459,Drama
1076,460,Crime
1077,460,Drama
1078,460,Thriller
1079,461,Drama
1080,461,Romance
1081,461,Sport
1082,461,Thriller
1083,462,Comedy
1084,462,Drama
1085,463,Documentary
1086,464,Drama
1087,464,Romance
1088,465,Drama
1089,466,Documentary
1090,466,Short
1091,467,Documentary
1092,467,Music
1093,468,Comedy
1094,468,Drama
1095,468,Romance
1096,469,Crime
1097,469,Drama
1098,469,Mystery
1099,469,Thriller
1100,469,Western
1101,470,Comedy
1102,470,Drama
1103,470,Music
1104,470,Musical
1105,471,Adventure
1106,471,Drama
1107,471,Sci-Fi
1108,471,Thriller
1109,472,Crime
1110,472,Drama
1111,473,Documentary
1112,473,History
1113,473,War
1114,474,Comedy
1115,474,Drama
1116,474,Romance
1117,474,Sci-Fi
1118,475,Comedy
1119,476,Drama
1120,476,Mystery
1121,476,Thriller
1122,477,Comedy
1123,477,Drama
1124,478,Drama
1125,478,Romance
1126,479,Action
1127,479,Biography
1128,479,Crime
1129,479,Drama
1130,480,Drama
1131,480,Western
1132,481,Biography
1133,481,Crime
1134,481,Drama
1135,482,Comedy
1136,482,Drama
1137,483,Action
1138,483,Comedy
1139,484,Crime
1140,484,Drama
1141,484,Thriller
1142,485,Documentary
1143,485,Biography
1144,486,Drama
1145,486,Fantasy
1146,486,Horror
1147,487,Adventure
1148,487,Drama
1149,487,Horror
1150,487,Western
1151,488,Biography
1152,488,Drama
1153,489,Drama
1154,490,Drama
1155,491,Drama
1156,493,Drama
1157,493,Romance
1158,494,Crime
1159,494,Drama
1160,495,Romance
1161,495,Drama
1162,496,Drama
1163,497,Adventure
1164,497,Crime
1165,497,Drama
1166,497,Thriller
1167,498,Drama
1168,499,Drama
1169,500,Drama
1170,501,Documentary
1171,501,Drama
1172,502,Drama
1173,502,Music
1174,502,Romance
1175,503,Crime
1176,503,Drama
1177,503,Romance
1178,503,Thriller
1179,504,Drama
1180,505,Comedy
1181,505,Fantasy
1182,505,Horror
1183,505,Mystery
1184,506,Drama
1185,506,Music
1186,507,Drama
1187,507,Romance
1188,508,Animation
1189,508,Comedy
1190,508,Fantasy
1191,508,Musical
1192,508,Romance
1193,509,Comedy
1194,509,Drama
1195,510,Comedy
1196,510,Drama
1197,510,Romance
1198,510,Sport
1199,511,Drama
1200,512,Crime
1201,512,Drama
1202,512,Thriller
1203,512,War
1204,513,Drama
1205,513,Romance
1206,514,Action
1207,514,Crime
1208,514,Drama
1209,514,Music
1210,514,Romance
1211,514,Thriller
1212,515,Drama
1213,516,Drama
1214,516,Mystery
1215,516,War
1216,517,Drama
1217,518,Action
1218,518,Adventure
1219,518,Drama
1220,518,History
1221,518,War
1222,519,Drama
1223,519,Mystery
1224,519,Sci-Fi
1225,519,Thriller
1226,520,Animation
1227,520,Adventure
1228,520,Drama
1229,520,Family
1230,520,Fantasy
1231,521,Animation
1232,521,Adventure
1233,521,Comedy
1234,521,Family
1235,521,Fantasy
1236,522,Documentary
1237,522,Biography
1238,522,Drama
1239,523,Documentary
1240,524,Drama
1241,524,Comedy
1242,525,Biography
1243,525,Crime
1244,525,Drama
1245,525,Thriller
1246,526,Comedy
1247,526,Drama
1248,526,Romance
1249,527,Comedy
1250,527,Drama
1251,527,Romance
1252,527,War
1253,528,Comedy
1254,528,Drama
1255,529,Drama
1256,530,Drama
1257,531,Drama
1258,532,Documentary
1259,533,Crime
1260,533,Drama
1261,534,Documentary
1262,535,Crime
1263,535,Drama
1264,535,Mystery
1265,535,Thriller
1266,536,Animation
1267,536,Adventure
1268,536,Comedy
1269,536,Family
1270,536,Fantasy
1271,537,Drama
1272,537,History
1273,538,Drama
1274,539,Comedy
1275,541,Drama
1276,542,Drama
1277,543,Documentary
1278,544,Drama
1279,544,Romance
1280,545,Crime
1281,545,Drama
1282,545,Thriller
1283,546,Comedy
1284,546,Drama
1285,546,Romance
1286,547,Drama
1287,548,Drama
1288,548,Romance
1289,549,Action
1290,549,Adventure
1291,549,Sci-Fi
1292,549,Thriller
1293,550,Drama
1294,551,Action
1295,551,Comedy
1296,552,Drama
1297,553,Comedy
1298,554,Biography
1299,554,Drama
1300,554,Romance
1301,555,Biography
1302,555,Drama
1303,555,History
1304,556,Adventure
1305,556,Drama
1306,556,Fantasy
1307,557,Crime
1308,557,Drama
1309,557,Horror
1310,557,Thriller
1311,558,Comedy
1312,558,Crime
1313,558,Mystery
1314,559,Documentary
1315,559,Crime
1316,559,Drama
1317,560,Drama
1318,560,Romance
1319,561,Comedy
1320,561,Drama
1321,561,Romance
1322,562,Comedy
1323,562,Drama
1324,562,Fantasy
1325,562,Romance
1326,563,Comedy
1327,563,Drama
1328,564,Drama
1329,564,Romance
1330,565,Adventure
1331,565,Drama
1332,565,Mystery
1333,566,Comedy
1334,566,Drama
1335,568,Documentary
1336,568,War
1337,569,Drama
1338,570,Drama
1339,570,Thriller
1340,571,Comedy
1341,571,Drama
1342,571,Music
1343,571,Romance
1344,572,Drama
1345,573,Biography
1346,573,Drama
1347,574,Drama
1348,575,Drama
1349,575,Horror
1350,575,Mystery
1351,575,Thriller
1352,576,Drama
1353,576,Western
1354,577,Action
1355,577,Adventure
1356,577,Sci-Fi
1357,577,Thriller
1358,578,Comedy
1359,579,Comedy
1360,579,Drama
1361,579,Romance
1362,580,Comedy
1363,580,Crime
1364,580,Musical
1365,581,Comedy
1366,581,Drama
1367,581,Music
1368,581,Romance
1369,582,Comedy
1370,582,Crime
1371,582,Drama
1372,583,Action
1373,583,Crime
1374,583,Drama
1375,583,Thriller
1376,584,Crime
1377,584,Drama
1378,585,Drama
1379,585,Thriller
1380,586,Drama
1381,586,Music
1382,586,Romance
1383,587,Drama
1384,587,Romance
1385,588,Comedy
1386,589,Drama
1387,589,Romance
1388,590,Comedy
1389,590,Drama
1390,591,Documentary
1391,591,Biography
1392,591,History
1393,592,Drama
1394,592,Romance
1395,593,Drama
1396,593,Fantasy
1397,594,Drama
1398,594,Romance
1399,594,Thriller
1400,594,War
1401,321,Short
1402,54,Documentary
1403,309,Drama
1404,393,Drama
1405,540,Documentary
1406,305,Short
1407,228,Documentary
1408,228,Biography
1409,228,History
1410,423,Drama
1411,446,Crime
1412,446,Thriller
1413,458,Comedy
1414,458,Horror
1415,458,Sci-Fi
1416,116,Family
1417,352,Sci-Fi
1418,352,Thriller
1419,0,Mystery
1420,0,Thriller
